side,row,col,board_no,socket,label,shift
front,11,21,1,1,001-01,0
front,10,22,1,2,001-02,0
front,12,21,1,3,001-03,0.5
front,9,24,1,4,001-04,0.5
front,8,27,1,5,001-05,0
front,11,23,1,6,001-06,0
front,10,25,1,7,001-07,0
front,12,22,1,8,001-08,0.5
front,11,25,1,9,001-09,0
front,12,23,1,10,001-10,0.5
front,13,22,1,11,001-11,0
front,13,23,1,12,001-12,0
front,14,21,1,13,001-13,0.5
front,13,25,1,14,001-14,0
front,14,22,1,15,001-15,0.5
front,14,23,1,16,001-16,0.5
front,15,22,1,17,001-17,0
front,15,24,1,18,001-18,0
front,16,22,1,19,001-19,0
front,17,20,1,20,001-20,0.5
front,17,22,1,21,001-21,0.5
front,18,22,1,22,001-22,0
front,18,21,1,23,001-23,0
front,19,22,1,24,001-24,0.5
front,19,20,1,25,001-25,0.5
front,21,22,1,26,001-26,0
front,21,21,1,27,001-27,0
front,19,19,1,28,001-28,0.5
front,21,20,1,29,001-29,0
front,18,19,1,30,001-30,0
front,19,18,1,31,001-31,0.5
front,21,18,1,32,001-32,0
front,19,17,1,33,001-33,0.5
front,20,17,1,34,001-34,0
front,19,16,1,35,001-35,0.5
front,18,16,1,36,001-36,0
front,18,17,1,37,001-37,0
front,17,17,1,40,001-40,0.5
front,17,18,1,41,001-41,0.5
front,16,17,1,43,001-43,0
front,16,18,1,44,001-44,0
front,15,20,1,45,001-45,0
front,15,17,1,46,001-46,0
front,14,19,1,47,001-47,0.5
front,13,16,1,48,001-48,0
front,14,17,1,49,001-49,0.5
front,12,16,1,50,001-50,0.5
front,13,19,1,51,001-51,0
front,12,20,1,52,001-52,0.5
front,12,17,1,53,001-53,0.5
front,12,18,1,54,001-54,0.5
front,11,18,1,55,001-55,0
front,11,19,1,56,001-56,0
front,9,16,1,57,001-57,0.5
front,10,20,1,58,001-58,0
front,9,17,1,59,001-59,0.5
front,7,16,1,60,001-60,0.5
front,10,21,2,1,002-01,0
front,11,22,2,2,002-02,0
front,10,23,2,3,002-03,0
front,10,24,2,4,002-04,0
front,9,25,2,5,002-05,0.5
front,9,26,2,6,002-06,0.5
front,10,26,2,7,002-07,0
front,11,24,2,8,002-08,0
front,11,26,2,9,002-09,0
front,13,21,2,10,002-10,0
front,12,24,2,11,002-11,0.5
front,12,25,2,12,002-12,0.5
front,14,20,2,13,002-13,0.5
front,13,24,2,14,002-14,0
front,15,21,2,15,002-15,0
front,14,24,2,16,002-16,0.5
front,16,21,2,17,002-17,0
front,15,23,2,18,002-18,0
front,16,23,2,19,002-19,0
front,16,24,2,20,002-20,0
front,17,21,2,21,002-21,0.5
front,17,23,2,22,002-22,0.5
front,18,20,2,23,002-23,0
front,18,23,2,24,002-24,0
front,19,21,2,25,002-25,0.5
front,20,22,2,26,002-26,0
front,20,21,2,27,002-27,0
front,20,20,2,28,002-28,0
front,20,19,2,29,002-29,0
front,21,19,2,30,002-30,0
front,17,19,2,31,002-31,0.5
front,20,18,2,32,002-32,0
front,18,18,2,33,002-33,0
front,21,17,2,34,002-34,0
front,20,16,2,35,002-35,0
front,17,16,2,40,002-40,0.5
front,16,20,2,43,002-43,0
front,16,19,2,44,002-44,0
front,15,19,2,45,002-45,0
front,15,18,2,46,002-46,0
front,14,16,2,47,002-47,0.5
front,14,18,2,48,002-48,0.5
front,13,17,2,49,002-49,0
front,13,20,2,50,002-50,0
front,11,16,2,51,002-51,0
front,13,18,2,52,002-52,0
front,12,19,2,53,002-53,0.5
front,11,17,2,54,002-54,0
front,11,20,2,55,002-55,0
front,10,17,2,56,002-56,0
front,10,18,2,57,002-57,0
front,10,19,2,58,002-58,0
front,8,17,2,59,002-59,0
front,9,18,2,60,002-60,0.5
front,11,11,3,1,003-01,0
front,11,12,3,2,003-02,0
front,10,13,3,3,003-03,0
front,9,13,3,4,003-04,0.5
front,7,15,3,5,003-05,0.5
front,9,14,3,6,003-06,0.5
front,9,15,3,7,003-07,0.5
front,10,15,3,8,003-08,0
front,10,16,3,9,003-09,0
front,12,12,3,10,003-10,0.5
front,12,14,3,11,003-11,0.5
front,13,13,3,12,003-12,0
front,13,12,3,13,003-13,0
front,13,15,3,14,003-14,0
front,14,12,3,15,003-15,0.5
front,15,14,3,16,003-16,0
front,15,13,3,17,003-17,0
front,15,16,3,18,003-18,0
front,16,15,3,19,003-19,0
front,16,16,3,20,003-20,0
front,17,14,3,21,003-21,0.5
front,17,15,3,22,003-22,0.5
front,18,15,3,25,003-25,0
front,19,15,3,26,003-26,0.5
front,20,15,3,27,003-27,0
front,19,14,3,28,003-28,0.5
front,18,14,3,29,003-29,0
front,20,14,3,30,003-30,0
front,19,13,3,31,003-31,0.5
front,20,13,3,32,003-32,0
front,19,12,3,33,003-33,0.5
front,21,11,3,34,003-34,0
front,20,11,3,35,003-35,0
front,19,11,3,36,003-36,0.5
front,19,10,3,37,003-37,0.5
front,18,12,3,38,003-38,0
front,18,10,3,39,003-39,0
front,17,8,3,40,003-40,0.5
front,17,10,3,41,003-41,0.5
front,16,9,3,42,003-42,0
front,16,12,3,43,003-43,0
front,15,9,3,44,003-44,0
front,14,7,3,45,003-45,0.5
front,15,12,3,46,003-46,0
front,14,8,3,47,003-47,0.5
front,14,9,3,48,003-48,0.5
front,14,11,3,49,003-49,0.5
front,14,10,3,50,003-50,0.5
front,13,9,3,51,003-51,0
front,13,10,3,52,003-52,0
front,12,8,3,53,003-53,0.5
front,12,9,3,54,003-54,0.5
front,11,8,3,55,003-55,0
front,12,10,3,56,003-56,0.5
front,11,9,3,57,003-57,0
front,10,8,3,58,003-58,0
front,10,9,3,59,003-59,0
front,10,10,3,60,003-60,0
front,10,11,4,1,004-01,0
front,10,12,4,2,004-02,0
front,11,13,4,3,004-03,0
front,8,14,4,4,004-04,0
front,8,15,4,5,004-05,0
front,8,16,4,6,004-06,0
front,10,14,4,7,004-07,0
front,11,14,4,8,004-08,0
front,12,13,4,9,004-09,0.5
front,11,15,4,10,004-10,0
front,13,14,4,11,004-11,0
front,12,11,4,12,004-12,0.5
front,12,15,4,13,004-13,0.5
front,14,14,4,14,004-14,0.5
front,14,13,4,15,004-15,0.5
front,14,15,4,16,004-16,0.5
front,15,15,4,17,004-17,0
front,16,13,4,18,004-18,0
front,16,14,4,19,004-19,0
front,17,13,4,21,004-21,0.5
front,21,16,4,26,004-26,0
front,21,15,4,28,004-28,0
front,21,14,4,29,004-29,0
front,17,12,4,30,004-30,0.5
front,18,13,4,31,004-31,0
front,21,13,4,32,004-32,0
front,21,12,4,33,004-33,0
front,20,12,4,34,004-34,0
front,21,10,4,35,004-35,0
front,20,10,4,36,004-36,0
front,19,9,4,37,004-37,0.5
front,18,9,4,38,004-38,0
front,18,11,4,39,004-39,0
front,17,9,4,40,004-40,0.5
front,16,8,4,41,004-41,0
front,17,11,4,42,004-42,0.5
front,16,10,4,43,004-43,0
front,15,8,4,44,004-44,0
front,16,11,4,45,004-45,0
front,15,10,4,46,004-46,0
front,13,7,4,47,004-47,0
front,15,11,4,48,004-48,0
front,13,8,4,49,004-49,0
front,12,6,4,50,004-50,0.5
front,12,7,4,51,004-51,0.5
front,13,11,4,52,004-52,0
front,11,6,4,53,004-53,0
front,11,7,4,54,004-54,0
front,10,6,4,55,004-55,0
front,10,7,4,56,004-56,0
front,9,5,4,57,004-57,0.5
front,11,10,4,58,004-58,0
front,9,6,4,59,004-59,0.5
front,9,7,4,60,004-60,0.5
front,1,23,5,1,005-01,0
front,1,24,5,2,005-02,0
front,0,25,5,3,005-03,0.5
front,0,26,5,4,005-04,0.5
front,0,27,5,5,005-05,0.5
front,2,24,5,6,005-06,0.5
front,0,29,5,7,005-07,0.5
front,0,30,5,8,005-08,0.5
front,1,28,5,9,005-09,0
front,1,29,5,10,005-10,0
front,1,30,5,11,005-11,0
front,4,23,5,12,005-12,0.5
front,2,28,5,13,005-13,0.5
front,2,29,5,14,005-14,0.5
front,3,27,5,15,005-15,0
front,4,25,5,16,005-16,0.5
front,5,24,5,17,005-17,0
front,4,26,5,18,005-18,0.5
front,6,24,5,19,005-19,0
front,4,28,5,20,005-20,0.5
front,6,25,5,21,005-21,0
front,5,28,5,22,005-22,0
front,6,27,5,23,005-23,0
front,6,28,5,24,005-24,0
front,7,26,5,25,005-25,0.5
front,8,25,5,26,005-26,0
front,9,23,5,27,005-27,0.5
front,8,23,5,28,005-28,0
front,9,21,5,29,005-29,0.5
front,7,22,5,30,005-30,0.5
front,6,22,5,31,005-31,0
front,8,21,5,32,005-32,0
front,7,20,5,33,005-33,0.5
front,8,20,5,34,005-34,0
front,8,18,5,35,005-35,0
front,6,16,5,36,005-36,0
front,6,17,5,37,005-37,0
front,6,18,5,38,005-38,0
front,7,19,5,39,005-39,0.5
front,5,18,5,40,005-40,0
front,3,16,5,41,005-41,0
front,4,17,5,42,005-42,0.5
front,5,19,5,43,005-43,0
front,3,17,5,44,005-44,0
front,5,21,5,45,005-45,0
front,3,18,5,46,005-46,0
front,5,20,5,47,005-47,0
front,4,21,5,48,005-48,0.5
front,3,23,5,49,005-49,0
front,1,17,5,50,005-50,0
front,2,18,5,51,005-51,0.5
front,1,18,5,52,005-52,0
front,0,16,5,53,005-53,0.5
front,3,21,5,54,005-54,0
front,1,19,5,55,005-55,0
front,2,20,5,56,005-56,0.5
front,1,20,5,57,005-57,0
front,0,19,5,58,005-58,0.5
front,0,20,5,59,005-59,0.5
front,0,21,5,60,005-60,0.5
front,0,23,6,1,006-01,0.5
front,2,23,6,2,006-02,0.5
front,0,24,6,3,006-03,0.5
front,1,25,6,4,006-04,0
front,1,26,6,5,006-05,0
front,0,28,6,6,006-06,0.5
front,1,27,6,7,006-07,0
front,2,25,6,8,006-08,0.5
front,3,24,6,9,006-09,0
front,2,26,6,10,006-10,0.5
front,3,25,6,11,006-11,0
front,2,27,6,12,006-12,0.5
front,3,26,6,13,006-13,0
front,4,24,6,14,006-14,0.5
front,5,23,6,15,006-15,0
front,3,28,6,16,006-16,0
front,3,29,6,17,006-17,0
front,5,25,6,18,006-18,0
front,4,27,6,19,006-19,0.5
front,5,26,6,20,006-20,0
front,5,27,6,21,006-21,0
front,6,26,6,22,006-22,0
front,7,24,6,23,006-23,0.5
front,7,25,6,24,006-24,0.5
front,7,27,6,25,006-25,0.5
front,8,26,6,26,006-26,0
front,8,24,6,27,006-27,0
front,9,22,6,28,006-28,0.5
front,7,23,6,29,006-29,0.5
front,8,22,6,30,006-30,0
front,6,23,6,31,006-31,0
front,9,20,6,32,006-32,0.5
front,7,21,6,33,006-33,0.5
front,9,19,6,34,006-34,0.5
front,8,19,6,35,006-35,0
front,7,17,6,36,006-36,0.5
front,7,18,6,37,006-37,0.5
front,5,17,6,38,006-38,0
front,6,19,6,39,006-39,0
front,4,16,6,40,006-40,0.5
front,6,21,6,41,006-41,0
front,6,20,6,42,006-42,0
front,5,22,6,43,006-43,0
front,4,18,6,44,006-44,0.5
front,4,22,6,45,006-45,0.5
front,2,16,6,46,006-46,0.5
front,4,19,6,47,006-47,0.5
front,2,17,6,48,006-48,0.5
front,3,19,6,49,006-49,0
front,4,20,6,50,006-50,0.5
front,3,22,6,51,006-51,0
front,3,20,6,52,006-52,0
front,2,19,6,53,006-53,0.5
front,2,22,6,54,006-54,0.5
front,0,17,6,55,006-55,0.5
front,2,21,6,56,006-56,0.5
front,0,18,6,57,006-57,0.5
front,1,22,6,58,006-58,0
front,1,21,6,59,006-59,0
front,0,22,6,60,006-60,0.5
front,0,7,7,1,007-01,0.5
front,0,8,7,2,007-02,0.5
front,2,10,7,3,007-03,0.5
front,0,10,7,4,007-04,0.5
front,0,11,7,5,007-05,0.5
front,1,12,7,6,007-06,0
front,0,13,7,7,007-07,0.5
front,1,13,7,8,007-08,0
front,2,12,7,9,007-09,0.5
front,1,14,7,10,007-10,0
front,3,10,7,11,007-11,0
front,2,13,7,12,007-12,0.5
front,4,11,7,13,007-13,0.5
front,2,14,7,14,007-14,0.5
front,4,10,7,15,007-15,0.5
front,3,14,7,16,007-16,0
front,2,15,7,17,007-17,0.5
front,5,11,7,18,007-18,0
front,5,13,7,19,007-19,0
front,4,14,7,20,007-20,0.5
front,5,14,7,21,007-21,0
front,6,13,7,22,007-22,0
front,5,15,7,23,007-23,0
front,6,14,7,24,007-24,0
front,7,14,7,25,007-25,0.5
front,8,13,7,26,007-26,0
front,8,12,7,27,007-27,0
front,5,10,7,28,007-28,0
front,8,11,7,29,007-29,0
front,7,10,7,30,007-30,0.5
front,7,9,7,31,007-31,0.5
front,9,10,7,32,007-32,0.5
front,7,8,7,33,007-33,0.5
front,8,8,7,34,007-34,0
front,8,7,7,35,007-35,0
front,8,5,7,36,007-36,0
front,7,5,7,37,007-37,0.5
front,7,6,7,38,007-38,0.5
front,7,7,7,39,007-39,0.5
front,5,4,7,40,007-40,0
front,6,7,7,41,007-41,0
front,4,3,7,42,007-42,0.5
front,4,4,7,43,007-43,0.5
front,4,5,7,44,007-44,0.5
front,5,8,7,45,007-45,0
front,3,4,7,46,007-46,0
front,3,5,7,47,007-47,0
front,4,7,7,48,007-48,0.5
front,2,3,7,49,007-49,0.5
front,2,4,7,50,007-50,0.5
front,3,7,7,51,007-51,0
front,2,5,7,52,007-52,0.5
front,1,3,7,53,007-53,0
front,2,6,7,54,007-54,0.5
front,2,8,7,55,007-55,0.5
front,0,2,7,56,007-56,0.5
front,0,3,7,57,007-57,0.5
front,0,4,7,58,007-58,0.5
front,1,7,7,59,007-59,0
front,0,6,7,60,007-60,0.5
front,2,9,8,1,008-01,0.5
front,1,9,8,2,008-02,0
front,1,10,8,3,008-03,0
front,0,9,8,4,008-04,0.5
front,1,11,8,5,008-05,0
front,0,12,8,6,008-06,0.5
front,2,11,8,7,008-07,0.5
front,0,14,8,8,008-08,0.5
front,3,11,8,9,008-09,0
front,0,15,8,10,008-10,0.5
front,3,12,8,11,008-11,0
front,1,15,8,12,008-12,0
front,3,13,8,13,008-13,0
front,1,16,8,14,008-14,0
front,4,12,8,15,008-15,0.5
front,5,12,8,16,008-16,0
front,4,9,8,17,008-17,0.5
front,4,13,8,18,008-18,0.5
front,3,15,8,19,008-19,0
front,6,12,8,20,008-20,0
front,6,11,8,21,008-21,0
front,4,15,8,22,008-22,0.5
front,7,12,8,23,008-23,0.5
front,5,16,8,24,008-24,0
front,6,15,8,25,008-25,0
front,7,13,8,26,008-26,0.5
front,9,12,8,27,008-27,0.5
front,7,11,8,28,008-28,0.5
front,9,11,8,29,008-29,0.5
front,6,10,8,30,008-30,0
front,6,9,8,31,008-31,0
front,8,10,8,32,008-32,0
front,8,9,8,33,008-33,0
front,9,9,8,34,008-34,0.5
front,9,8,8,35,008-35,0.5
front,8,6,8,36,008-36,0
front,7,4,8,37,008-37,0.5
front,6,4,8,38,008-38,0
front,6,5,8,39,008-39,0
front,6,6,8,40,008-40,0
front,5,5,8,41,008-41,0
front,5,6,8,42,008-42,0
front,6,8,8,43,008-43,0
front,5,7,8,44,008-44,0
front,3,3,8,45,008-45,0
front,4,6,8,46,008-46,0.5
front,5,9,8,47,008-47,0
front,2,2,8,48,008-48,0.5
front,3,6,8,49,008-49,0
front,4,8,8,50,008-50,0.5
front,1,2,8,51,008-51,0
front,3,9,8,52,008-52,0
front,3,8,8,53,008-53,0
front,1,4,8,54,008-54,0
front,0,1,8,55,008-55,0.5
front,1,5,8,56,008-56,0
front,2,7,8,57,008-57,0.5
front,1,6,8,58,008-58,0
front,1,8,8,59,008-59,0
front,0,5,8,60,008-60,0.5
back,11,11,9,1,009-01,0.5
back,12,11,9,2,009-02,0.5
back,10,10,9,3,009-03,0
back,9,7,9,4,009-04,0.5
back,10,8,9,5,009-05,0
back,10,7,9,6,009-06,0
back,11,8,9,7,009-07,0.5
back,12,9,9,8,009-08,0.5
back,12,7,9,9,009-09,0.5
back,13,11,9,10,009-10,0
back,13,12,9,11,009-11,0
back,13,8,9,12,009-12,0
back,14,11,9,13,009-13,0.5
back,14,12,9,14,009-14,0.5
back,14,8,9,15,009-15,0.5
back,15,11,9,16,009-16,0.5
back,15,9,9,17,009-17,0.5
back,15,8,9,18,009-18,0.5
back,16,12,9,19,009-19,0
back,16,13,9,20,009-20,0
back,17,9,9,21,009-21,0
back,17,12,9,22,009-22,0
back,18,10,9,23,009-23,0.5
back,18,11,9,24,009-24,0.5
back,19,11,9,25,009-25,0
back,20,11,9,26,009-26,0
back,19,12,9,27,009-27,0
back,18,12,9,28,009-28,0.5
back,21,12,9,29,009-29,0.5
back,20,13,9,30,009-30,0
back,18,13,9,31,009-31,0.5
back,19,14,9,32,009-32,0
back,17,14,9,33,009-33,0
back,18,14,9,34,009-34,0.5
back,21,15,9,35,009-35,0.5
back,18,15,9,36,009-36,0.5
back,17,16,9,37,009-37,0
back,17,15,9,38,009-38,0
back,16,15,9,41,009-41,0
back,16,14,9,42,009-42,0
back,15,14,9,45,009-45,0.5
back,15,13,9,46,009-46,0.5
back,14,15,9,48,009-48,0.5
back,14,13,9,49,009-49,0.5
back,13,16,9,51,009-51,0
back,13,15,9,52,009-52,0
back,13,13,9,53,009-53,0
back,12,15,9,55,009-55,0.5
back,12,13,9,56,009-56,0.5
back,12,12,9,57,009-57,0.5
back,11,14,9,59,009-59,0.5
back,11,13,9,60,009-60,0.5
back,11,12,10,1,010-01,0.5
back,10,11,10,2,010-02,0
back,11,10,10,3,010-03,0.5
back,10,9,10,4,010-04,0
back,9,6,10,5,010-05,0.5
back,11,9,10,6,010-06,0.5
back,12,10,10,7,010-07,0.5
back,11,7,10,8,010-08,0.5
back,12,8,10,9,010-09,0.5
back,13,10,10,10,010-10,0
back,13,9,10,11,010-11,0
back,14,10,10,13,010-13,0.5
back,14,9,10,14,010-14,0.5
back,15,10,10,16,010-16,0.5
back,15,12,10,17,010-17,0.5
back,16,10,10,18,010-18,0
back,16,11,10,19,010-19,0
back,16,9,10,20,010-20,0
back,17,10,10,21,010-21,0
back,17,11,10,22,010-22,0
back,18,9,10,23,010-23,0.5
back,19,10,10,24,010-24,0
back,20,10,10,25,010-25,0
back,21,10,10,26,010-26,0.5
back,21,11,10,27,010-27,0.5
back,20,12,10,28,010-28,0
back,19,13,10,29,010-29,0
back,21,13,10,30,010-30,0.5
back,17,13,10,31,010-31,0
back,20,14,10,32,010-32,0
back,21,14,10,33,010-33,0.5
back,20,15,10,34,010-34,0
back,19,15,10,35,010-35,0
back,19,16,10,36,010-36,0
back,15,15,10,45,010-45,0.5
back,14,14,10,49,010-49,0.5
back,13,14,10,53,010-53,0
back,12,14,10,56,010-56,0.5
back,11,15,10,59,010-59,0.5
back,10,15,10,60,010-60,0
back,11,19,11,1,011-01,0.5
back,12,19,11,2,011-02,0.5
back,10,19,11,3,011-03,0
back,10,18,11,4,011-04,0
back,10,16,11,5,011-05,0
back,11,16,11,6,011-06,0.5
back,12,17,11,8,011-08,0.5
back,12,16,11,9,011-09,0.5
back,13,18,11,11,011-11,0
back,13,17,11,12,011-12,0
back,14,17,11,14,011-14,0.5
back,14,16,11,15,011-15,0.5
back,15,17,11,17,011-17,0.5
back,15,16,11,18,011-18,0.5
back,16,18,11,20,011-20,0
back,16,16,11,21,011-21,0
back,17,17,11,24,011-24,0
back,18,16,11,25,011-25,0.5
back,21,16,11,26,011-26,0.5
back,18,17,11,27,011-27,0.5
back,17,18,11,28,011-28,0
back,19,18,11,29,011-29,0
back,18,18,11,30,011-30,0.5
back,17,19,11,31,011-31,0
back,20,19,11,32,011-32,0
back,18,19,11,33,011-33,0.5
back,20,20,11,34,011-34,0
back,20,21,11,35,011-35,0
back,21,21,11,36,011-36,0.5
back,18,20,11,37,011-37,0.5
back,18,21,11,38,011-38,0.5
back,17,20,11,39,011-39,0
back,17,22,11,40,011-40,0
back,16,23,11,41,011-41,0
back,16,19,11,42,011-42,0
back,16,20,11,43,011-43,0
back,15,23,11,45,011-45,0.5
back,15,19,11,46,011-46,0.5
back,15,21,11,47,011-47,0.5
back,14,19,11,49,011-49,0.5
back,14,21,11,50,011-50,0.5
back,14,22,11,51,011-51,0.5
back,13,23,11,52,011-52,0
back,13,20,11,53,011-53,0
back,12,24,11,54,011-54,0.5
back,12,20,11,55,011-55,0.5
back,12,22,11,56,011-56,0.5
back,11,23,11,57,011-57,0.5
back,10,25,11,58,011-58,0
back,9,25,11,59,011-59,0.5
back,11,21,11,60,011-60,0.5
back,11,20,12,1,012-01,0.5
back,11,18,12,4,012-04,0.5
back,10,17,12,5,012-05,0
back,11,17,12,6,012-06,0.5
back,12,18,12,8,012-08,0.5
back,13,19,12,11,012-11,0
back,14,18,12,14,012-14,0.5
back,15,18,12,17,012-17,0.5
back,16,17,12,21,012-21,0
back,20,16,12,26,012-26,0
back,19,17,12,27,012-27,0
back,20,17,12,28,012-28,0
back,21,17,12,29,012-29,0.5
back,20,18,12,30,012-30,0
back,21,18,12,31,012-31,0.5
back,19,19,12,32,012-32,0
back,21,19,12,33,012-33,0.5
back,19,20,12,34,012-34,0
back,21,20,12,35,012-35,0.5
back,20,22,12,36,012-36,0
back,19,21,12,37,012-37,0
back,19,22,12,38,012-38,0
back,18,22,12,39,012-39,0.5
back,17,21,12,40,012-40,0
back,17,23,12,41,012-41,0
back,16,22,12,42,012-42,0
back,16,21,12,43,012-43,0
back,15,20,12,46,012-46,0.5
back,15,22,12,47,012-47,0.5
back,14,23,12,49,012-49,0.5
back,14,20,12,50,012-50,0.5
back,13,24,12,52,012-52,0
back,13,22,12,53,012-53,0
back,13,21,12,54,012-54,0
back,12,23,12,55,012-55,0.5
back,11,24,12,56,012-56,0.5
back,12,21,12,57,012-57,0.5
back,11,22,12,58,012-58,0.5
back,10,24,12,59,012-59,0
back,10,23,12,60,012-60,0
back,2,10,13,1,013-01,0.5
back,1,9,13,2,013-02,0
back,2,9,13,3,013-03,0.5
back,0,7,13,4,013-04,0.5
back,0,5,13,5,013-05,0.5
back,1,7,13,6,013-06,0
back,0,3,13,7,013-07,0.5
back,1,6,13,8,013-08,0
back,1,5,13,9,013-09,0
back,1,4,13,10,013-10,0
back,2,6,13,11,013-11,0.5
back,4,9,13,12,013-12,0
back,4,10,13,13,013-13,0
back,5,9,13,14,013-14,0.5
back,3,5,13,15,013-15,0.5
back,4,7,13,16,013-16,0
back,5,8,13,17,013-17,0.5
back,4,5,13,18,013-18,0
back,5,7,13,19,013-19,0.5
back,6,8,13,20,013-20,0.5
back,5,5,13,21,013-21,0.5
back,7,9,13,22,013-22,0
back,6,5,13,23,013-23,0.5
back,7,7,13,24,013-24,0
back,8,7,13,25,013-25,0.5
back,9,8,13,26,013-26,0.5
back,8,9,13,27,013-27,0.5
back,8,10,13,28,013-28,0.5
back,6,10,13,29,013-29,0.5
back,8,11,13,30,013-30,0.5
back,10,12,13,31,013-31,0
back,8,12,13,32,013-32,0.5
back,10,13,13,33,013-33,0
back,9,13,13,35,013-35,0.5
back,9,14,13,36,013-36,0.5
back,8,15,13,37,013-37,0.5
back,7,16,13,38,013-38,0
back,7,15,13,39,013-39,0
back,7,14,13,40,013-40,0
back,7,13,13,41,013-41,0
back,6,11,13,42,013-42,0.5
back,6,13,13,43,013-43,0.5
back,5,14,13,44,013-44,0.5
back,5,11,13,45,013-45,0.5
back,5,13,13,46,013-46,0.5
back,4,14,13,47,013-47,0
back,5,12,13,48,013-48,0.5
back,2,15,13,49,013-49,0.5
back,4,12,13,50,013-50,0
back,3,10,13,51,013-51,0.5
back,2,14,13,52,013-52,0.5
back,1,15,13,53,013-53,0
back,3,12,13,54,013-54,0.5
back,1,14,13,55,013-55,0
back,2,12,13,56,013-56,0.5
back,0,14,13,57,013-57,0.5
back,0,13,13,58,013-58,0.5
back,0,10,13,59,013-59,0.5
back,0,11,13,60,013-60,0.5
back,1,10,14,1,014-01,0
back,0,9,14,2,014-02,0.5
back,0,8,14,3,014-03,0.5
back,1,8,14,4,014-04,0
back,0,6,14,5,014-05,0.5
back,0,4,14,6,014-06,0.5
back,2,8,14,7,014-07,0.5
back,2,7,14,8,014-08,0.5
back,3,9,14,9,014-09,0.5
back,3,8,14,10,014-10,0.5
back,3,7,14,11,014-11,0.5
back,2,5,14,12,014-12,0.5
back,2,4,14,13,014-13,0.5
back,3,6,14,14,014-14,0.5
back,4,8,14,15,014-15,0
back,3,4,14,16,014-16,0.5
back,6,9,14,17,014-17,0.5
back,4,6,14,18,014-18,0
back,7,10,14,19,014-19,0
back,5,6,14,20,014-20,0.5
back,6,7,14,21,014-21,0.5
back,6,6,14,22,014-22,0.5
back,7,8,14,23,014-23,0
back,7,6,14,24,014-24,0
back,8,6,14,25,014-25,0.5
back,8,8,14,26,014-26,0.5
back,9,9,14,27,014-27,0.5
back,9,10,14,28,014-28,0.5
back,9,11,14,29,014-29,0.5
back,7,11,14,30,014-30,0
back,9,12,14,32,014-32,0.5
back,10,14,14,35,014-35,0
back,9,15,14,36,014-36,0.5
back,8,14,14,37,014-37,0.5
back,8,13,14,38,014-38,0.5
back,6,15,14,39,014-39,0.5
back,7,12,14,40,014-40,0
back,6,14,14,41,014-41,0.5
back,5,15,14,42,014-42,0.5
back,4,16,14,43,014-43,0
back,6,12,14,44,014-44,0.5
back,5,10,14,45,014-45,0.5
back,4,15,14,46,014-46,0
back,3,15,14,47,014-47,0.5
back,4,11,14,48,014-48,0
back,3,14,14,49,014-49,0.5
back,4,13,14,50,014-50,0
back,3,13,14,51,014-51,0.5
back,1,16,14,52,014-52,0
back,3,11,14,53,014-53,0.5
back,2,13,14,54,014-54,0.5
back,0,15,14,55,014-55,0.5
back,2,11,14,56,014-56,0.5
back,1,13,14,57,014-57,0
back,1,11,14,58,014-58,0
back,1,12,14,59,014-59,0
back,0,12,14,60,014-60,0.5
back,2,21,15,1,015-01,0.5
back,0,22,15,2,015-02,0.5
back,0,21,15,3,015-03,0.5
back,1,20,15,4,015-04,0
back,0,19,15,5,015-05,0.5
back,0,17,15,6,015-06,0.5
back,2,19,15,7,015-07,0.5
back,1,18,15,8,015-08,0
back,2,18,15,9,015-09,0.5
back,3,20,15,10,015-10,0.5
back,2,17,15,11,015-11,0.5
back,4,19,15,12,015-12,0
back,4,20,15,13,015-13,0
back,3,17,15,14,015-14,0.5
back,4,18,15,15,015-15,0
back,3,16,15,16,015-16,0.5
back,4,17,15,17,015-17,0
back,5,17,15,18,015-18,0.5
back,6,20,15,19,015-19,0.5
back,5,16,15,20,015-20,0.5
back,6,16,15,21,015-21,0.5
back,7,18,15,22,015-22,0
back,7,17,15,23,015-23,0
back,8,16,15,24,015-24,0.5
back,9,16,15,25,015-25,0.5
back,9,18,15,26,015-26,0.5
back,8,19,15,29,015-29,0.5
back,10,20,15,30,015-30,0
back,7,21,15,31,015-31,0
back,6,21,15,32,015-32,0.5
back,8,21,15,33,015-33,0.5
back,10,22,15,34,015-34,0
back,9,22,15,35,015-35,0.5
back,9,24,15,36,015-36,0.5
back,8,23,15,37,015-37,0.5
back,8,22,15,38,015-38,0.5
back,7,24,15,39,015-39,0
back,6,25,15,40,015-40,0.5
back,6,24,15,41,015-41,0.5
back,5,26,15,42,015-42,0.5
back,7,22,15,43,015-43,0
back,4,27,15,44,015-44,0
back,4,26,15,45,015-45,0
back,5,23,15,46,015-46,0.5
back,3,27,15,47,015-47,0.5
back,3,26,15,48,015-48,0.5
back,3,25,15,49,015-49,0.5
back,4,22,15,50,015-50,0
back,2,26,15,51,015-51,0.5
back,2,25,15,52,015-52,0.5
back,1,28,15,53,015-53,0
back,1,27,15,54,015-54,0
back,2,24,15,55,015-55,0.5
back,0,28,15,56,015-56,0.5
back,0,27,15,57,015-57,0.5
back,0,26,15,58,015-58,0.5
back,0,25,15,59,015-59,0.5
back,1,23,15,60,015-60,0
back,0,23,16,1,016-01,0.5
back,1,22,16,2,016-02,0
back,1,21,16,3,016-03,0
back,0,20,16,4,016-04,0.5
back,0,18,16,5,016-05,0.5
back,1,19,16,6,016-06,0
back,2,20,16,7,016-07,0.5
back,0,16,16,8,016-08,0.5
back,3,19,16,9,016-09,0.5
back,1,17,16,10,016-10,0
back,3,18,16,11,016-11,0.5
back,3,21,16,12,016-12,0.5
back,2,16,16,13,016-13,0.5
back,4,21,16,14,016-14,0
back,5,19,16,15,016-15,0.5
back,5,18,16,16,016-16,0.5
back,5,20,16,17,016-17,0.5
back,6,19,16,18,016-18,0.5
back,6,18,16,19,016-19,0.5
back,7,19,16,20,016-20,0
back,6,17,16,21,016-21,0.5
back,7,20,16,22,016-22,0
back,8,18,16,23,016-23,0.5
back,8,17,16,24,016-24,0.5
back,9,17,16,25,016-25,0.5
back,9,19,16,29,016-29,0.5
back,8,20,16,31,016-31,0.5
back,9,20,16,32,016-32,0.5
back,10,21,16,33,016-33,0
back,9,21,16,34,016-34,0.5
back,9,23,16,35,016-35,0.5
back,8,25,16,36,016-36,0.5
back,8,24,16,37,016-37,0.5
back,7,26,16,38,016-38,0
back,7,25,16,39,016-39,0
back,6,26,16,40,016-40,0.5
back,7,23,16,41,016-41,0
back,5,25,16,42,016-42,0.5
back,6,23,16,43,016-43,0.5
back,5,24,16,44,016-44,0.5
back,6,22,16,45,016-45,0.5
back,5,21,16,46,016-46,0.5
back,4,25,16,47,016-47,0
back,4,24,16,48,016-48,0
back,5,22,16,49,016-49,0.5
back,2,27,16,50,016-50,0.5
back,4,23,16,51,016-51,0
back,3,24,16,52,016-52,0.5
back,3,23,16,53,016-53,0.5
back,3,22,16,54,016-54,0.5
back,1,26,16,55,016-55,0
back,2,23,16,56,016-56,0.5
back,2,22,16,57,016-57,0.5
back,1,25,16,58,016-58,0
back,1,24,16,59,016-59,0
back,0,24,16,60,016-60,0.5
