side,row,shift,1,2,3,4,5,6,7,8,9,10,11,12,13,14,15,16,17,18,19,20,21,22,23,24,25,26,27,28,29,30,31
front,32,0.5,0,0,0,0,0,0,0x05,0x05,0x05,0x05,0x05,0x05,0x05,0x05,0x05,0x05,0x05,0x05,0x05,0x05,0x05,0x05,0x05,0x05,0,0,0,0,0,0,0
front,30,0,0,0,0,0,0,0,0,0,0,0,0x0A,0x0A,0x0A,0x0A,0x0A,0x0A,0x0A,0x0A,0x0A,0x0A,0x0A,0,0,0,0,0,0,0,0,0,0
front,29,0.5,0,0,0,0,0,0,0,0,0x05,0x05,0x05,0x05,0x05,0x05,0x05,0x05,0x05,0x05,0x05,0x05,0x05,0x05,0,0,0,0,0,0,0,0,0
front,28,0,0,0,0,0,0,0,0,0,0,0x05,0x05,0x05,0x05,0x05,0x05,0x05,0x05,0x05,0x05,0x05,0x05,0x05,0,0,0,0,0,0,0,0,0
front,27,0.5,0,0,0,0,0,0,0,0x0A,0x0A,0x0A,0x0A,0x0A,0x0A,0x0A,0x0A,0x0A,0x0A,0x0A,0x0A,0x0A,0x0A,0x0A,0x0A,0,0,0,0,0,0,0,0
front,26,0,0,0,0,0,0,0,0,0,0,0x0A,0x0A,0x0A,0x0A,0x0A,0x0A,0x0A,0x0A,0x0A,0x0A,0x0A,0x0A,0x0A,0,0,0,0,0,0,0,0,0
front,25,0.5,0,0,0,0,0,0,0,0,0x05,0x05,0x05,0x05,0x05,0x05,0x05,0x05,0x05,0x05,0x05,0x05,0x05,0x05,0,0,0,0,0,0,0,0,0
front,24,0,0,0,0,0,0,0,0,0,0,0x05,0x05,0x05,0x05,0x05,0x05,0x05,0x05,0x05,0x05,0x05,0x05,0x05,0,0,0,0,0,0,0,0,0
front,23,0.5,0,0,0,0,0,0,0,0,0x0A,0x0A,0x0A,0x0A,0x0A,0x0A,0x0A,0x0A,0x0A,0x0A,0x0A,0x0A,0x0A,0x0A,0,0,0,0,0,0,0,0,0
front,22,0,0,0,0,0,0,0,0,0,0,0x0A,0x0A,0x0A,0x0A,0x0A,0x0A,0x0A,0x0A,0x0A,0x0A,0x0A,0x0A,0x0A,0,0,0,0,0,0,0,0,0
front,21,0.5,0,0,0,0,0,0,0,0x05,0x05,0x05,0x05,0x05,0x05,0x05,0x05,0x05,0x05,0x05,0x05,0x05,0x05,0x05,0x05,0,0,0,0,0,0,0,0
front,20,0,0,0,0,0,0,0,0,0x05,0x05,0x05,0x05,0x05,0x05,0x05,0x05,0x05,0x05,0x05,0x05,0x05,0x05,0x05,0x05,0x05,0,0,0,0,0,0,0
front,19,0.5,0,0,0,0,0,0,0,0x0A,0x0A,0x0A,0x0A,0x0A,0x0A,0x0A,0x0A,0x0A,0x0A,0x0A,0x0A,0x0A,0x0A,0x0A,0x0A,0,0,0,0,0,0,0,0
front,18,0,0,0,0,0,0,0,0,0x0A,0x0A,0x0A,0x0A,0x0A,0x0A,0x0A,0x0A,0x0A,0x0A,0x0A,0x0A,0x0A,0x0A,0x0A,0x0A,0x0A,0,0,0,0,0,0,0
front,17,0.5,0,0,0,0,0,0x05,0x05,0x05,0x05,0x05,0x05,0x05,0x05,0x05,0x05,0x05,0x05,0x05,0x05,0x05,0x05,0x05,0x05,0x05,0x05,0,0,0,0,0,0
front,16,0,0,0,0,0,0,0,0x05,0x05,0x05,0x05,0x05,0x05,0x05,0x05,0x05,0x05,0x05,0x05,0x05,0x05,0x05,0x05,0x05,0x05,0x05,0,0,0,0,0,0
front,15,0.5,0,0,0,0,0,0x0A,0x0A,0x0A,0x0A,0x0A,0x0A,0x0A,0x0A,0x0A,0x0A,0x0A,0x0A,0x0A,0x0A,0x0A,0x0A,0x0A,0x0A,0x0A,0x0A,0,0,0,0,0,0
front,14,0,0,0,0,0,0,0,0x0A,0x0A,0x0A,0x0A,0x0A,0x0A,0x0A,0x0A,0x0A,0x0A,0x0A,0x0A,0x0A,0x0A,0x0A,0x0A,0x0A,0x0A,0x0A,0,0,0,0,0,0
front,13,0.5,0,0,0,0,0,0x05,0x05,0x05,0x05,0x05,0x05,0x05,0x05,0x05,0x05,0x05,0x05,0x05,0x05,0x05,0x05,0x05,0x05,0x05,0x05,0,0,0,0,0,0
front,12,0,0,0,0,0x05,0x05,0x05,0x05,0x05,0x05,0x05,0x05,0x05,0x05,0x05,0x05,0x05,0x05,0x05,0x05,0x05,0x05,0x05,0x05,0x05,0x05,0x05,0x05,0x05,0,0,0
front,11,0.5,0,0,0,0x0A,0x0A,0x0A,0x0A,0x0A,0x0A,0x0A,0x0A,0x0A,0x0A,0x0A,0x0A,0x0A,0x0A,0x0A,0x0A,0x0A,0x0A,0x0A,0x0A,0x0A,0x0A,0x0A,0x0A,0,0,0,0
front,10,0,0,0,0,0x0A,0x0A,0x0A,0x0A,0x0A,0x0A,0x0A,0x0A,0x0A,0x0A,0x0A,0x0A,0x0A,0x0A,0x0A,0x0A,0x0A,0x0A,0x0A,0x0A,0x0A,0x0A,0x0A,0x0A,0x0A,0,0,0
front,9,0.5,0,0,0,0x05,0x05,0x05,0x05,0x05,0x05,0x05,0x05,0x05,0x05,0x05,0x05,0x05,0x05,0x05,0x05,0x05,0x05,0x05,0x05,0x05,0x05,0x05,0x05,0,0,0,0
front,8,0,0,0,0,0x05,0x05,0x05,0x05,0x05,0x05,0x05,0x05,0x05,0x05,0x05,0x05,0x05,0x05,0x05,0x05,0x05,0x05,0x05,0x05,0x05,0x05,0x05,0x05,0x05,0,0,0
front,7,0.5,0,0,0,0x0A,0x0A,0x0A,0x0A,0x0A,0x0A,0x0A,0x0A,0x0A,0x0A,0x0A,0x0A,0x0A,0x0A,0x0A,0x0A,0x0A,0x0A,0x0A,0x0A,0x0A,0x0A,0x0A,0x0A,0,0,0,0
front,6,0,0,0x0A,0x0A,0x0A,0x0A,0x0A,0x0A,0x0A,0x0A,0x0A,0x0A,0x0A,0x0A,0x0A,0x0A,0x0A,0x0A,0x0A,0x0A,0x0A,0x0A,0x0A,0x0A,0x0A,0x0A,0x0A,0x0A,0x0A,0x0A,0x0A,0
front,5,0.5,0x05,0x05,0x05,0x05,0x05,0x05,0x05,0x05,0x05,0x05,0x05,0x05,0x05,0x05,0x05,0x05,0x05,0x05,0x05,0x05,0x05,0x05,0x05,0x05,0x05,0x05,0x05,0x05,0x05,0x05,0
front,4,0,0,0x05,0x05,0x05,0x05,0x05,0x05,0x05,0x05,0x05,0x05,0x05,0x05,0x05,0x05,0x05,0x05,0x05,0x05,0x05,0x05,0x05,0x05,0x05,0x05,0x05,0x05,0x05,0x05,0x05,0
front,3,0.5,0x0A,0x0A,0x0A,0x0A,0x0A,0x0A,0x0A,0x0A,0x0A,0x0A,0x0A,0x0A,0x0A,0x0A,0x0A,0x0A,0x0A,0x0A,0x0A,0x0A,0x0A,0x0A,0x0A,0x0A,0x0A,0x0A,0x0A,0x0A,0x0A,0x0A,0
front,2,0,0,0x0A,0x0A,0x0A,0x0A,0x0A,0x0A,0x0A,0x0A,0x0A,0x0A,0x0A,0x0A,0x0A,0x0A,0x0A,0x0A,0x0A,0x0A,0x0A,0x0A,0x0A,0x0A,0x0A,0x0A,0x0A,0x0A,0x0A,0x0A,0x0A,0
front,1,0.5,0x05,0x05,0x05,0x05,0x05,0x05,0x05,0x05,0x05,0x05,0x05,0x05,0x05,0x05,0x05,0x05,0x05,0x05,0x05,0x05,0x05,0x05,0x05,0x05,0x05,0x05,0x05,0x05,0x05,0x05,0
front,0,0,0,0x05,0x05,0x05,0x05,0x05,0x05,0x05,0x05,0x05,0x05,0x05,0x05,0x05,0x05,0x05,0x05,0x05,0x05,0x05,0x05,0x05,0x05,0x05,0x05,0x05,0x05,0x05,0x05,0x05,0
back,32,0,0,0,0,0,0,0,0,0,0x05,0x05,0x05,0x05,0x05,0x05,0x05,0x05,0x05,0x05,0x05,0x05,0x05,0x05,0x05,0,0,0,0,0,0,0,0
back,27,0.5,0,0,0,0,0,0,0,0,0x0A,0x0A,0x0A,0x0A,0x0A,0x0A,0x0A,0x0A,0x0A,0x0A,0x0A,0x0A,0x0A,0x0A,0,0,0,0,0,0,0,0,0
back,26,0,0,0,0,0,0,0,0,0,0,0x0A,0x0A,0x0A,0x0A,0x0A,0x0A,0x0A,0x0A,0x0A,0x0A,0x0A,0x0A,0x0A,0,0,0,0,0,0,0,0,0
back,25,0.5,0,0,0,0,0,0,0,0,0,0x05,0x05,0x05,0x05,0x05,0x05,0x05,0x05,0x05,0x05,0x05,0x05,0,0,0,0,0,0,0,0,0,0
back,24,0,0,0,0,0,0,0,0,0,0,0x05,0x05,0x05,0x05,0x05,0x05,0x05,0x05,0x05,0x05,0x05,0x05,0x05,0,0,0,0,0,0,0,0,0
back,23,0.5,0,0,0,0,0,0,0,0,0,0x0A,0x0A,0x0A,0x0A,0x0A,0x0A,0x0A,0x0A,0x0A,0x0A,0x0A,0x0A,0,0,0,0,0,0,0,0,0,0
back,22,0,0,0,0,0,0,0,0,0,0,0x0A,0x0A,0x0A,0x0A,0x0A,0x0A,0x0A,0x0A,0x0A,0x0A,0x0A,0x0A,0x0A,0,0,0,0,0,0,0,0,0
back,21,0.5,0,0,0,0,0,0,0,0x05,0x05,0x05,0x05,0x05,0x05,0x05,0x05,0x05,0x05,0x05,0x05,0x05,0x05,0x05,0x05,0,0,0,0,0,0,0,0
back,20,0,0,0,0,0,0,0,0,0,0x05,0x05,0x05,0x05,0x05,0x05,0x05,0x05,0x05,0x05,0x05,0x05,0x05,0x05,0x05,0,0,0,0,0,0,0,0
back,19,0.5,0,0,0,0,0,0,0,0x0A,0x0A,0x0A,0x0A,0x0A,0x0A,0x0A,0x0A,0x0A,0x0A,0x0A,0x0A,0x0A,0x0A,0x0A,0x0A,0,0,0,0,0,0,0,0
back,18,0,0,0,0,0,0,0,0,0,0x0A,0x0A,0x0A,0x0A,0x0A,0x0A,0x0A,0x0A,0x0A,0x0A,0x0A,0x0A,0x0A,0x0A,0x0A,0,0,0,0,0,0,0,0
back,17,0.5,0,0,0,0,0,0,0x05,0x05,0x05,0x05,0x05,0x05,0x05,0x05,0x05,0x05,0x05,0x05,0x05,0x05,0x05,0x05,0x05,0x05,0,0,0,0,0,0,0
back,16,0,0,0,0,0,0,0,0x05,0x05,0x05,0x05,0x05,0x05,0x05,0x05,0x05,0x05,0x05,0x05,0x05,0x05,0x05,0x05,0x05,0x05,0x05,0,0,0,0,0,0
back,15,0.5,0,0,0,0,0,0,0x0A,0x0A,0x0A,0x0A,0x0A,0x0A,0x0A,0x0A,0x0A,0x0A,0x0A,0x0A,0x0A,0x0A,0x0A,0x0A,0x0A,0x0A,0,0,0,0,0,0,0
back,14,0,0,0,0,0,0,0,0x0A,0x0A,0x0A,0x0A,0x0A,0x0A,0x0A,0x0A,0x0A,0x0A,0x0A,0x0A,0x0A,0x0A,0x0A,0x0A,0x0A,0x0A,0x0A,0,0,0,0,0,0
back,13,0.5,0,0,0,0,0,0,0x05,0x05,0x05,0x05,0x05,0x05,0x05,0x05,0x05,0x05,0x05,0x05,0x05,0x05,0x05,0x05,0x05,0x05,0,0,0,0,0,0,0
back,12,0,0,0,0,0,0,0x05,0x05,0x05,0x05,0x05,0x05,0x05,0x05,0x05,0x05,0x05,0x05,0x05,0x05,0x05,0x05,0x05,0x05,0x05,0x05,0x05,0,0,0,0,0
back,11,0.5,0,0,0,0,0x0A,0x0A,0x0A,0x0A,0x0A,0x0A,0x0A,0x0A,0x0A,0x0A,0x0A,0x0A,0x0A,0x0A,0x0A,0x0A,0x0A,0x0A,0x0A,0x0A,0x0A,0x0A,0,0,0,0,0
back,10,0,0,0,0,0,0,0x0A,0x0A,0x0A,0x0A,0x0A,0x0A,0x0A,0x0A,0x0A,0x0A,0x0A,0x0A,0x0A,0x0A,0x0A,0x0A,0x0A,0x0A,0x0A,0x0A,0x0A,0,0,0,0,0
back,9,0.5,0,0,0,0,0x05,0x05,0x05,0x05,0x05,0x05,0x05,0x05,0x05,0x05,0x05,0x05,0x05,0x05,0x05,0x05,0x05,0x05,0x05,0x05,0x05,0x05,0,0,0,0,0
back,8,0,0,0,0,0,0,0x05,0x05,0x05,0x05,0x05,0x05,0x05,0x05,0x05,0x05,0x05,0x05,0x05,0x05,0x05,0x05,0x05,0x05,0x05,0x05,0x05,0,0,0,0,0
back,7,0.5,0,0,0,0,0x0A,0x0A,0x0A,0x0A,0x0A,0x0A,0x0A,0x0A,0x0A,0x0A,0x0A,0x0A,0x0A,0x0A,0x0A,0x0A,0x0A,0x0A,0x0A,0x0A,0x0A,0x0A,0,0,0,0,0
back,6,0,0,0,0x0A,0x0A,0x0A,0x0A,0x0A,0x0A,0x0A,0x0A,0x0A,0x0A,0x0A,0x0A,0x0A,0x0A,0x0A,0x0A,0x0A,0x0A,0x0A,0x0A,0x0A,0x0A,0x0A,0x0A,0x0A,0x0A,0x0A,0,0
back,5,0.5,0,0,0x05,0x05,0x05,0x05,0x05,0x05,0x05,0x05,0x05,0x05,0x05,0x05,0x05,0x05,0x05,0x05,0x05,0x05,0x05,0x05,0x05,0x05,0x05,0x05,0x05,0x05,0,0,0
back,4,0,0,0,0x05,0x05,0x05,0x05,0x05,0x05,0x05,0x05,0x05,0x05,0x05,0x05,0x05,0x05,0x05,0x05,0x05,0x05,0x05,0x05,0x05,0x05,0x05,0x05,0x05,0x05,0x05,0,0
back,3,0.5,0,0,0x0A,0x0A,0x0A,0x0A,0x0A,0x0A,0x0A,0x0A,0x0A,0x0A,0x0A,0x0A,0x0A,0x0A,0x0A,0x0A,0x0A,0x0A,0x0A,0x0A,0x0A,0x0A,0x0A,0x0A,0x0A,0x0A,0,0,0
back,2,0,0,0,0x0A,0x0A,0x0A,0x0A,0x0A,0x0A,0x0A,0x0A,0x0A,0x0A,0x0A,0x0A,0x0A,0x0A,0x0A,0x0A,0x0A,0x0A,0x0A,0x0A,0x0A,0x0A,0x0A,0x0A,0x0A,0x0A,0x0A,0,0
back,1,0.5,0,0,0x05,0x05,0x05,0x05,0x05,0x05,0x05,0x05,0x05,0x05,0x05,0x05,0x05,0x05,0x05,0x05,0x05,0x05,0x05,0x05,0x05,0x05,0x05,0x05,0x05,0x05,0,0,0
back,0,0,0,0,0x05,0x05,0x05,0x05,0x05,0x05,0x05,0x05,0x05,0x05,0x05,0x05,0x05,0x05,0x05,0x05,0x05,0x05,0x05,0x05,0x05,0x05,0x05,0x05,0x05,0x05,0x05,0,0
